<keymap version="1" name="ToVimProfile" parent="$default">
  <action id="ActivateCommitToolWindow">
    <keyboard-shortcut first-keystroke="alt 0" />
    <keyboard-shortcut first-keystroke="ctrl w" second-keystroke="3" />
  </action>
  <action id="ActivateProjectToolWindow">
    <keyboard-shortcut first-keystroke="alt 1" />
    <keyboard-shortcut first-keystroke="ctrl w" second-keystroke="1" />
  </action>
  <action id="ActivateStructureToolWindow">
    <keyboard-shortcut first-keystroke="alt 7" />
    <keyboard-shortcut first-keystroke="ctrl w" second-keystroke="2" />
  </action>
  <action id="Android.Designer.AssignStartDestination" />
  <action id="CollapseTreeNode">
    <keyboard-shortcut first-keystroke="subtract" />
    <keyboard-shortcut first-keystroke="x" />
  </action>
  <action id="EditorBackwardParagraph">
    <keyboard-shortcut first-keystroke="ctrl alt open_bracket" />
  </action>
  <action id="EditorDown">
    <keyboard-shortcut first-keystroke="down" />
    <keyboard-shortcut first-keystroke="j" />
  </action>
  <action id="EditorForwardParagraph">
    <keyboard-shortcut first-keystroke="ctrl alt close_bracket" />
  </action>
  <action id="EditorLeft">
    <keyboard-shortcut first-keystroke="left" />
    <keyboard-shortcut first-keystroke="h" />
  </action>
  <action id="EditorRight">
    <keyboard-shortcut first-keystroke="right" />
    <keyboard-shortcut first-keystroke="l" />
  </action>
  <action id="EditorSelectWord" />
  <action id="EditorUp">
    <keyboard-shortcut first-keystroke="up" />
    <keyboard-shortcut first-keystroke="k" />
  </action>
  <action id="EditorUpWithSelection" />
  <action id="HideActiveWindow">
    <keyboard-shortcut first-keystroke="shift escape" />
    <keyboard-shortcut first-keystroke="ctrl n" />
  </action>
  <action id="HideAllWindows">
    <keyboard-shortcut first-keystroke="shift ctrl f12" />
    <keyboard-shortcut first-keystroke="ctrl w" second-keystroke="c" />
  </action>
  <action id="MaximizeToolWindow">
    <keyboard-shortcut first-keystroke="shift ctrl quote" />
    <keyboard-shortcut first-keystroke="ctrl w" second-keystroke="m" />
  </action>
  <action id="NavBar-cancel">
    <keyboard-shortcut first-keystroke="escape" />
  </action>
  <action id="NavBar-selectHome">
    <keyboard-shortcut first-keystroke="home" />
  </action>
  <action id="NextDiff">
    <keyboard-shortcut first-keystroke="close_bracket" />
  </action>
  <action id="NextProjectWindow" />
  <action id="NotebookOutputCollapseSingleInCellAction">
    <keyboard-shortcut first-keystroke="x" />
  </action>
  <action id="PopupMenu-cancel">
    <keyboard-shortcut first-keystroke="escape" />
  </action>
  <action id="PreviousDiff">
    <keyboard-shortcut first-keystroke="open_bracket" />
  </action>
  <action id="PreviousProjectWindow" />
  <action id="SelectNextOccurrence" />
  <action id="ShowPopupMenu">
    <keyboard-shortcut first-keystroke="context_menu" />
    <keyboard-shortcut first-keystroke="m" />
  </action>
  <action id="SmartSelect" />
  <action id="Switcher">
    <keyboard-shortcut first-keystroke="ctrl tab" />
    <keyboard-shortcut first-keystroke="shift ctrl tab" />
    <keyboard-shortcut first-keystroke="ctrl w" second-keystroke="w" />
  </action>
  <action id="TableResult.GrowSelection" />
  <action id="TableResult.SelectColumn" />
  <action id="Tree-scrollDownChangeSelection" />
  <action id="Tree-scrollDownExtendSelection" />
  <action id="Tree-scrollUpChangeSelection" />
  <action id="Tree-scrollUpExtendSelection" />
  <action id="Tree-selectChildExtendSelection">
    <keyboard-shortcut first-keystroke="shift l" />
  </action>
  <action id="Tree-selectFirst" />
  <action id="Tree-selectFirstExtendSelection" />
  <action id="Tree-selectLast" />
  <action id="Tree-selectLastExtendSelection" />
  <action id="Tree-selectNextExtendSelection" />
  <action id="Tree-selectNextSibling">
    <keyboard-shortcut first-keystroke="ctrl j" />
  </action>
  <action id="Tree-selectParentExtendSelection">
    <keyboard-shortcut first-keystroke="shift h" />
  </action>
  <action id="Tree-selectPreviousSibling">
    <keyboard-shortcut first-keystroke="ctrl k" />
  </action>
  <action id="Tree-startEditing">
    <keyboard-shortcut first-keystroke="m" />
  </action>
  <action id="Uml.CollapseNodes" />
  <action id="UsageFiltering.WriteAccess" />
</keymap>