<keymap version="1" name="Windows Profile" parent="$default">
  <action id="Android.Designer.AssignStartDestination" />
  <action id="CollapseTreeNode">
    <keyboard-shortcut first-keystroke="subtract" />
    <keyboard-shortcut first-keystroke="x" />
  </action>
  <action id="EditorBackwardParagraph">
    <keyboard-shortcut first-keystroke="ctrl alt open_bracket" />
  </action>
  <action id="EditorDown">
    <keyboard-shortcut first-keystroke="down" />
    <keyboard-shortcut first-keystroke="j" />
  </action>
  <action id="EditorEscape">
    <keyboard-shortcut first-keystroke="escape" />
    <keyboard-shortcut first-keystroke="m" second-keystroke="n" />
  </action>
  <action id="EditorForwardParagraph">
    <keyboard-shortcut first-keystroke="ctrl alt close_bracket" />
  </action>
  <action id="EditorLeft">
    <keyboard-shortcut first-keystroke="left" />
    <keyboard-shortcut first-keystroke="h" />
  </action>
  <action id="EditorRight">
    <keyboard-shortcut first-keystroke="right" />
    <keyboard-shortcut first-keystroke="l" />
  </action>
  <action id="EditorSelectWord" />
  <action id="EditorUp">
    <keyboard-shortcut first-keystroke="up" />
    <keyboard-shortcut first-keystroke="k" />
  </action>
  <action id="EditorUpWithSelection">
    <keyboard-shortcut first-keystroke="shift k" />
  </action>
  <action id="FocusEditor">
    <keyboard-shortcut first-keystroke="escape" />
    <keyboard-shortcut first-keystroke="m" second-keystroke="n" />
  </action>
  <action id="MaximizeToolWindow">
    <keyboard-shortcut first-keystroke="shift ctrl quote" />
    <keyboard-shortcut first-keystroke="ctrl w" second-keystroke="q" />
  </action>
  <action id="NavBar-cancel">
    <keyboard-shortcut first-keystroke="escape" />
  </action>
  <action id="NextProjectWindow" />
  <action id="NotebookOutputCollapseSingleInCellAction">
    <keyboard-shortcut first-keystroke="x" />
  </action>
  <action id="PreviousProjectWindow" />
  <action id="SmartSelect" />
  <action id="TableResult.GrowSelection" />
  <action id="TableResult.SelectColumn" />
  <action id="Tree-scrollDownChangeSelection" />
  <action id="Tree-scrollDownExtendSelection" />
  <action id="Tree-scrollUpChangeSelection" />
  <action id="Tree-scrollUpExtendSelection" />
  <action id="Tree-selectChildExtendSelection">
    <keyboard-shortcut first-keystroke="shift l" />
  </action>
  <action id="Tree-selectFirst" />
  <action id="Tree-selectFirstExtendSelection" />
  <action id="Tree-selectLast" />
  <action id="Tree-selectLastExtendSelection" />
  <action id="Tree-selectNextExtendSelection">
    <keyboard-shortcut first-keystroke="shift j" />
  </action>
  <action id="Tree-selectNextSibling">
    <keyboard-shortcut first-keystroke="ctrl j" />
  </action>
  <action id="Tree-selectParentExtendSelection">
    <keyboard-shortcut first-keystroke="shift h" />
  </action>
  <action id="Tree-selectPreviousSibling">
    <keyboard-shortcut first-keystroke="ctrl k" />
  </action>
  <action id="Uml.CollapseNodes" />
  <action id="UsageFiltering.WriteAccess" />
</keymap>